ITERATION,OBJECTIVE,COND[0],COND[1],COND[2],COND[3],VOLUME,SIZE,,,
0,185524.3785,0.116959,0.078565,1.259757,3.577568,0.00108,0.212154,,,
100,2.681032,0.077289,0.040797,0.236268,2.148328,0.012734,0.211464,,,
200,3.248524,0.077537,0.0468,0.184585,1.860714,0.011389,0.208319,,,
300,2.713639,0.080347,0.068992,0.230559,1.040771,0.009643,0.20082,,,
400,2.724895,0.080504,0.068281,0.20215,1.044593,0.009634,0.20068,,,
500,2.723269,0.080599,0.067743,0.18436,1.046662,0.009634,0.200573,,,
600,2.713836,0.080635,0.067352,0.171899,1.048874,0.009643,0.200527,,,
700,2.536644,0.080548,0.065025,0.157309,1.053076,0.009475,0.197131,,,
800,2.542175,0.08055,0.065297,0.155859,1.052717,0.009482,0.197253,,,
900,2.572685,0.080555,0.065987,0.133828,1.051771,0.009536,0.198111,,,
1000,2.313732,0.079895,0.111183,0.266067,0.820804,0.010193,0.200514,,,
1100,1.882442,0.077333,0.222475,0.161405,0.693757,0.011396,0.204227,,,
1200,1.740328,0.077264,0.224213,0.110698,0.709302,0.011099,0.199492,,,
1300,1.429217,0.076616,0.24762,0.190757,0.653066,0.012369,0.20234,,,
1400,1.461885,0.077829,0.239727,0.147177,0.649971,0.012524,0.201481,,,
1500,1.248551,0.077529,0.255411,0.188711,0.630255,0.013377,0.203746,,,
1600,1.257108,0.077542,0.270224,0.13095,0.627989,0.013443,0.204578,,,
1700,1.310947,0.077583,0.302612,0.135024,0.596982,0.013099,0.203525,,,
1800,1.208569,0.076487,0.354966,0.110762,0.586268,0.013738,0.205555,,,
1900,1.207812,0.076409,0.348784,0.121917,0.584426,0.013764,0.205729,,,
2000,1.170587,0.076612,0.314652,0.132395,0.588932,0.013043,0.198106,,,
2100,1.181885,0.076837,0.324664,0.108923,0.583275,0.012753,0.195642,,,
2200,1.184773,0.076871,0.313924,0.128917,0.581992,0.012708,0.195217,,,
2300,1.212397,0.077206,0.320959,0.141609,0.569441,0.012752,0.195436,,,
2400,1.198482,0.076878,0.348985,0.131711,0.555931,0.01281,0.195482,,,
2500,1.179036,0.076949,0.326226,0.170351,0.555887,0.012641,0.19318,,,
2600,205421.6225,0.077412,0.124679,1.155661,1.158407,0.002525,0.16958,,,
2700,1.086001,0.076052,0.336399,0.129915,0.56908,0.013116,0.194839,,,
2800,1.075166,0.075973,0.338708,0.136651,0.566488,0.013097,0.194113,,,
2900,1.063658,0.076023,0.312264,0.138245,0.582425,0.012974,0.192605,,,
3000,1.066129,0.075999,0.322136,0.132689,0.57762,0.013016,0.193102,,,
3100,1.09909,0.076376,0.337201,0.135476,0.56078,0.012911,0.192442,,,
3200,1.113873,0.07641,0.345496,0.124353,0.553179,0.012828,0.191949,,,
3300,1.106436,0.076409,0.33366,0.129273,0.559646,0.012876,0.192216,,,
3400,1.133532,0.077401,0.321566,0.127623,0.558387,0.012954,0.191867,,,
3500,1.138436,0.077443,0.32656,0.123569,0.555282,0.012917,0.191671,,,
3600,1.134604,0.077386,0.328698,0.123189,0.554668,0.012952,0.191948,,,
3700,1.080815,0.076588,0.316654,0.153194,0.56069,0.013066,0.192758,,,
3800,1.073654,0.076489,0.326225,0.134839,0.557849,0.013068,0.192348,,,
3900,1.079099,0.076462,0.339169,0.127132,0.54838,0.013038,0.192029,,,
4000,1.085352,0.076621,0.328686,0.138567,0.550155,0.013072,0.192092,,,
4100,1.082376,0.076607,0.327845,0.135406,0.551857,0.013085,0.192136,,,
4200,1.091276,0.076673,0.331238,0.139362,0.547123,0.01304,0.191945,,,
4300,1.075034,0.076563,0.318079,0.147478,0.55499,0.013115,0.19233,,,
4400,1.083291,0.076593,0.337941,0.124713,0.544283,0.012995,0.191596,,,
4500,1.082384,0.076525,0.341742,0.131128,0.539333,0.013013,0.191477,,,
4600,1.057049,0.07633,0.348627,0.121008,0.529221,0.012948,0.190118,,,
4700,1.075675,0.07659,0.330069,0.130643,0.534026,0.012867,0.189953,,,
4800,1.070792,0.076521,0.330501,0.134684,0.533068,0.012888,0.190034,,,
4900,1.071707,0.076541,0.333436,0.128179,0.532512,0.01287,0.189885,,,
5000,1.058308,0.076498,0.328672,0.130971,0.533689,0.01296,0.190253,,,
5100,1.071044,0.076723,0.330706,0.130897,0.529644,0.012949,0.189994,,,
5200,1.035168,0.076532,0.331732,0.137717,0.532924,0.013102,0.190723,,,
5300,1.036837,0.076559,0.335593,0.130672,0.53181,0.013081,0.190577,,,
5400,94252891.13,0.075436,0.056299,0.101691,2.718964,-0.007631,0.19299,,,
5500,1.032461,0.076259,0.312367,0.110973,0.546301,0.013467,0.194778,,,
5600,1.037877,0.076286,0.314671,0.114685,0.543057,0.013451,0.194832,,,
5700,1.04599,0.076335,0.338312,0.129278,0.520806,0.013538,0.194551,,,
5800,1.051031,0.076601,0.322376,0.111685,0.53193,0.013583,0.194631,,,
5900,1.045328,0.076545,0.271413,0.119027,0.55224,0.013554,0.194322,,,
6000,1.093048,0.077031,0.303947,0.114244,0.522277,0.013226,0.192479,,,
6100,1.076443,0.076898,0.301338,0.115429,0.525543,0.013335,0.192887,,,
6200,1.076493,0.076898,0.301374,0.115432,0.525512,0.013334,0.192886,,,
6300,1.076442,0.076898,0.30133,0.115439,0.525544,0.013335,0.192888,,,
6400,1.076474,0.076898,0.301294,0.115553,0.525526,0.013335,0.192889,,,
6500,1.076474,0.076898,0.301294,0.115553,0.525526,0.013335,0.192889,,,
6600,1.076385,0.076898,0.301241,0.115524,0.52558,0.013335,0.192892,,,
6700,1.078498,0.076921,0.27579,0.116902,0.535962,0.013295,0.19259,,,
6800,1.110204,0.077193,0.299732,0.116191,0.515462,0.013082,0.191548,,,
6900,1.294406,0.096039,0.141861,0.095562,0.059446,0.013499,0.185592,,,
7000,0.216642,1.073397,0.03803,0.261446,7.42421,0.119114,0.470429,,,
7100,0.975799,0.078325,0.11457,0.115622,0.131281,0.015633,0.19328,,,
7200,0.979634,0.083515,0.119206,0.073467,0.040728,0.015147,0.19016,,,
7300,0.988246,0.080085,0.119767,0.06489,0.024577,0.015141,0.190269,,,
7400,0.948248,0.091609,0.071252,0.049402,0.051069,0.015029,0.190356,,,
7500,0.867538,0.079558,0.333201,0.234103,0.153097,0.015693,0.193906,,,
7600,0.581205,0.073872,0.107933,0.151336,0.822002,0.021932,0.222264,,,
7700,0.96452,0.069937,0.038248,0.029909,0.041829,0.014944,0.190148,,,
7800,0.963912,0.06951,0.038535,0.030395,0.04223,0.014946,0.190151,,,
7900,0.963443,0.082116,0.045813,0.033308,0.041428,0.014961,0.190276,,,
8000,0.966117,0.071404,0.037898,0.03059,0.042623,0.014937,0.190111,,,
8100,0.972059,0.083882,0.09958,0.145989,0.032654,0.014954,0.190262,,,
8200,nan,100000,100000,100000,100000,nan,nan,,,
8300,0.956905,0.125696,0.091392,0.067579,0.040168,0.015205,0.19112,,,
8400,1.168567,0.180895,0.115995,0.139001,0.107429,0.014243,0.186744,,,
8500,0.963903,0.069523,0.038535,0.030395,0.04223,0.014946,0.190151,,,
8600,0.964322,0.069544,0.038249,0.029831,0.041675,0.014946,0.190166,,,
8700,0.204919,68.742896,0.039384,0.277264,7.539004,0.124461,0.482043,,,
8800,0.964338,0.069539,0.038241,0.029821,0.041659,0.014947,0.190166,,,
8900,2.240873,0.111709,0.726495,0.516911,0.348976,0.012676,0.178158,,,
9000,nan,100000,100000,100000,100000,nan,nan,,,
9100,0.964338,0.069539,0.038241,0.029821,0.041659,0.014947,0.190166,,,
9200,0.981356,0.073283,0.037103,0.038171,0.046084,0.014869,0.189869,,,
9300,0.962296,0.073713,0.040995,0.0344,0.045437,0.01493,0.189975,,,
9400,0.690624,0.073741,0.379438,0.749547,0.420535,0.017433,0.205613,,,
9500,0.965229,0.078199,0.039032,0.031516,0.043051,0.014943,0.19013,,,
9600,0.964243,0.072682,0.038334,0.029831,0.041629,0.014947,0.19017,,,
9700,2.011768,0.083658,0.136355,0.096412,0.07249,0.0151,0.189919,,,
9800,0.964351,0.069739,0.03822,0.029812,0.04166,0.014946,0.190166,,,
9900,0.964321,0.069653,0.038267,0.029845,0.041694,0.014946,0.190164,,,
10000,0.964312,0.069526,0.03826,0.029844,0.041695,0.014946,0.190166,,,
10100,0.964345,0.069529,0.038239,0.029818,0.041651,0.014947,0.190167,,,
10200,0.964338,0.069527,0.038244,0.029824,0.041663,0.014946,0.190166,,,
10300,0.964338,0.069524,0.038244,0.029824,0.041663,0.014946,0.190166,,,
10400,0.964577,0.073534,0.038076,0.029765,0.041373,0.014947,0.190176,,,
10500,0.964334,0.06953,0.038243,0.029824,0.041663,0.014946,0.190166,,,
10600,0.970269,0.087082,0.03947,0.03295,0.04374,0.01495,0.190146,,,
10700,0.965402,0.077957,0.038289,0.029884,0.04175,0.014946,0.190164,,,
10800,1.013066,0.129325,0.065724,0.121155,0.078071,0.014996,0.18921,,,
10900,0.960768,0.075425,0.042845,0.032392,0.042205,0.014963,0.190299,,,
11000,0.96424,0.069712,0.038251,0.029833,0.041676,0.014946,0.190166,,,
11100,0.964348,0.069505,0.038245,0.029826,0.041666,0.014946,0.190166,,,
11200,0.97392,0.04026,0.020414,0.050943,0.042957,0.014953,0.189973,,,
11300,0.967742,0.035441,0.019,0.046453,0.04271,0.014962,0.190124,,,
11400,0.949446,0.0325,0.038549,0.058832,0.036293,0.015149,0.190706,,,
11500,0.948436,0.033231,0.035353,0.057618,0.036746,0.015145,0.190665,,,
11600,0.942712,0.040701,0.020223,0.050809,0.040631,0.015122,0.190405,,,
11700,0.926544,0.033547,0.022982,0.040213,0.063023,0.01502,0.189406,,,
11800,0.926188,0.033344,0.022602,0.040235,0.063502,0.015016,0.189368,,,
11900,0.91291,0.102539,0.051283,0.040719,0.0555,0.015165,0.190112,,,
12000,0.921605,0.032782,0.02244,0.039689,0.070123,0.014982,0.189025,,,
12100,0.927137,0.09665,0.026534,0.040231,0.069541,0.014974,0.188997,,,
12200,0.921396,0.03975,0.022426,0.039672,0.070322,0.014981,0.189015,,,
12300,0.921741,0.103564,0.022437,0.039672,0.070305,0.014981,0.189016,,,
12400,0.927605,0.04322,0.044176,0.043315,0.068862,0.01503,0.189057,,,
12500,0.921434,0.102553,0.022436,0.03967,0.070328,0.014981,0.189015,,,
12600,0.921279,0.068323,0.022431,0.039673,0.070331,0.014981,0.189015,,,
12700,0.921455,0.032904,0.02243,0.039671,0.070331,0.014981,0.189015,,,
12800,0.921462,0.032783,0.022426,0.039672,0.070321,0.014981,0.189016,,,
12900,0.921462,0.032783,0.022426,0.039672,0.070321,0.014981,0.189016,,,
13000,0.921466,0.032782,0.022454,0.03967,0.070325,0.014981,0.189016,,,
13100,0.92144,0.034892,0.022426,0.039673,0.070321,0.014981,0.189016,,,
13200,0.921461,0.032883,0.022425,0.039672,0.070321,0.014981,0.189016,,,
13300,0.921462,0.032781,0.022429,0.039672,0.070321,0.014981,0.189016,,,
13400,0.923641,0.101349,0.025154,0.040426,0.070423,0.014973,0.188974,,,
13500,0.921381,0.0428,0.02244,0.039671,0.070308,0.014981,0.189016,,,
13600,0.921445,0.034929,0.022428,0.039674,0.070314,0.014981,0.189016,,,
13700,0.921928,0.033494,0.025164,0.039464,0.070328,0.014985,0.189024,,,
13800,0.921469,0.032783,0.022424,0.039674,0.07031,0.014981,0.189016,,,
13900,0.921406,0.039341,0.022429,0.039673,0.070309,0.014981,0.189016,,,
14000,0.921469,0.032783,0.022424,0.039674,0.070309,0.014981,0.189016,,,
14100,0.92147,0.032783,0.022423,0.039674,0.070309,0.014981,0.189016,,,
14200,0.921475,0.032781,0.022424,0.039674,0.070302,0.014981,0.189016,,,
14300,0.921475,0.032781,0.022424,0.039674,0.070302,0.014981,0.189016,,,
14400,0.92123,0.099066,0.023302,0.039549,0.070189,0.014983,0.189027,,,
14500,0.921478,0.032823,0.022425,0.039675,0.070297,0.014981,0.189016,,,
14600,0.922814,0.074441,0.025182,0.040276,0.069989,0.014983,0.188995,,,
14700,0.921478,0.032782,0.022421,0.039675,0.070297,0.014981,0.189016,,,
14800,0.921479,0.032783,0.02242,0.039675,0.070296,0.014981,0.189016,,,
14900,0.921314,0.060371,0.022428,0.039673,0.070295,0.014981,0.189016,,,
15000,0.921473,0.033719,0.022423,0.039676,0.070291,0.014981,0.189017,,,
15100,0.849945,0.085993,0.182115,0.118289,0.079611,0.015653,0.192317,,,
15200,0.921371,0.045365,0.022443,0.039671,0.070299,0.014981,0.189017,,,
15300,0.921481,0.032781,0.022421,0.039675,0.070292,0.014981,0.189017,,,
15400,11628.11017,0.077356,0.145364,1.61092,1.034061,0.007511,0.166036,,,
15500,0.921275,0.054111,0.022659,0.039636,0.070286,0.014982,0.189019,,,
15600,0.921482,0.032782,0.022423,0.039675,0.070291,0.014981,0.189017,,,
15700,0.921481,0.032782,0.02242,0.039676,0.070291,0.014981,0.189017,,,
15800,0.921482,0.03279,0.02242,0.039676,0.070291,0.014981,0.189017,,,
15900,0.921487,0.03278,0.02242,0.039676,0.070284,0.014981,0.189017,,,
16000,0.92397,0.089817,0.023517,0.039705,0.07037,0.014978,0.189011,,,
16100,0.921487,0.03278,0.02242,0.039676,0.070284,0.014981,0.189017,,,
16200,0.922109,0.033618,0.026323,0.03941,0.070382,0.014985,0.189029,,,
16300,0.921488,0.032824,0.022422,0.039676,0.070282,0.014981,0.189017,,,
16400,0.921922,0.034308,0.023241,0.039657,0.070192,0.014982,0.189012,,,
16500,0.921488,0.032782,0.022418,0.039677,0.070282,0.014981,0.189017,,,
16600,0.921487,0.032781,0.022419,0.039676,0.070283,0.014981,0.189017,,,
16700,0.92145,0.036373,0.022421,0.039676,0.070281,0.014981,0.189017,,,
16800,0.921457,0.035581,0.022419,0.039676,0.070281,0.014981,0.189017,,,
16900,0.921674,0.033809,0.022974,0.039651,0.070299,0.014982,0.189016,,,
17000,0.921488,0.032781,0.022419,0.039677,0.070282,0.014981,0.189017,,,
17100,0.921488,0.032782,0.022419,0.039677,0.070282,0.014981,0.189017,,,
17200,0.921253,0.09935,0.023296,0.039552,0.07016,0.014983,0.189028,,,
17300,0.921488,0.032825,0.022418,0.039677,0.070281,0.014981,0.189017,,,
17400,0.920298,0.041146,0.031905,0.038943,0.070699,0.014996,0.189094,,,
17500,0.921477,0.033117,0.022429,0.039675,0.070296,0.014981,0.189017,,,
17600,0.924208,0.101906,0.02595,0.040707,0.070428,0.014971,0.188962,,,
17700,0.921472,0.101473,0.022443,0.039684,0.070286,0.014981,0.189016,,,
17800,0.924472,0.038303,0.048285,0.040519,0.07062,0.015012,0.189089,,,
17900,0.921323,0.075373,0.022417,0.039678,0.070282,0.014981,0.189017,,,
18000,0.921487,0.032791,0.022419,0.039676,0.070283,0.014981,0.189017,,,
18100,0.928101,0.089382,0.033623,0.042902,0.072267,0.014945,0.188847,,,
18200,0.921491,0.032782,0.022417,0.039677,0.070276,0.014981,0.189017,,,
18300,0.921491,0.032781,0.022418,0.039677,0.070278,0.014981,0.189017,,,
18400,0.915643,0.107317,0.049274,0.039609,0.067078,0.01505,0.189358,,,
18500,0.921491,0.032791,0.022418,0.039677,0.070276,0.014981,0.189017,,,
18600,0.921494,0.032782,0.022416,0.039678,0.070272,0.014981,0.189017,,,
18700,0.921658,0.032894,0.023128,0.039621,0.070283,0.014982,0.189019,,,
18800,0.921493,0.033001,0.022418,0.039678,0.070272,0.014981,0.189017,,,
18900,1.888517,0.105464,0.909083,0.119068,0.371358,0.012304,0.17585,,,
19000,0.922789,0.09045,0.022545,0.039704,0.070283,0.014981,0.189018,,,
19100,0.921549,0.105142,0.022419,0.03968,0.070274,0.014981,0.189017,,,
19200,0.921349,0.056511,0.022416,0.039679,0.070274,0.014981,0.189017,,,
19300,0.921493,0.032783,0.022416,0.039678,0.070273,0.014981,0.189017,,,
19400,0.921386,0.095963,0.022515,0.039662,0.070259,0.014981,0.189019,,,
19500,0.921493,0.032792,0.022416,0.039678,0.070273,0.014981,0.189017,,,
19600,0.923184,0.087553,0.022427,0.039681,0.07027,0.014981,0.189017,,,
19700,0.921493,0.032796,0.022416,0.039678,0.070274,0.014981,0.189017,,,
19800,0.923328,0.089736,0.022974,0.039782,0.070288,0.01498,0.189013,,,
19900,0.921493,0.032782,0.022416,0.039678,0.070273,0.014981,0.189017,,,
20000,0.921493,0.032782,0.022416,0.039678,0.070273,0.014981,0.189017,,,
20100,0.923166,0.087888,0.022466,0.039679,0.070278,0.014981,0.189017,,,
20200,0.921493,0.032782,0.022416,0.039678,0.070273,0.014981,0.189017,,,
20300,0.921493,0.032781,0.022417,0.039677,0.070274,0.014981,0.189017,,,
20400,0.921495,0.032782,0.022415,0.039678,0.07027,0.014981,0.189017,,,
20500,0.921496,0.032781,0.022416,0.039678,0.07027,0.014981,0.189017,,,
20600,0.921495,0.032781,0.022416,0.039678,0.07027,0.014981,0.189017,,,
20700,0.921497,0.032782,0.022415,0.039678,0.070267,0.014981,0.189018,,,
20800,1.06779,0.141392,0.126698,0.117548,0.085309,0.015329,0.18989,,,
20900,0.916687,0.057738,0.026205,0.060201,0.063768,0.015126,0.189294,,,
21000,0.919588,0.10382,0.034063,0.038785,0.069065,0.015007,0.189151,,,
21100,0.934663,0.073151,0.041525,0.048276,0.074618,0.014906,0.188663,,,
21200,0.921552,0.032806,0.022396,0.039687,0.070191,0.014981,0.18902,,,
21300,0.921552,0.032805,0.022396,0.039687,0.070192,0.014981,0.18902,,,
21400,0.925479,0.102707,0.029691,0.041974,0.071249,0.014961,0.188904,,,
21500,0.900831,0.107705,0.079013,0.051777,0.063353,0.015189,0.190038,,,
21600,0.92155,0.032835,0.022395,0.039687,0.070191,0.014981,0.18902,,,
21700,0.92159,0.032824,0.022541,0.039676,0.070186,0.014981,0.18902,,,
21800,0.921361,0.072936,0.022406,0.039683,0.070213,0.014981,0.189019,,,
21900,0.923498,0.088153,0.02274,0.039693,0.070224,0.01498,0.189017,,,
22000,0.921305,0.069346,0.022576,0.039656,0.070182,0.014982,0.189022,,,
22100,0.921426,0.097909,0.022617,0.039652,0.070175,0.014982,0.189022,,,
22200,0.921538,0.081955,0.022684,0.039742,0.070175,0.014981,0.189017,,,
22300,0.921544,0.032779,0.022403,0.039685,0.070204,0.014981,0.189019,,,
22400,0.921544,0.03281,0.022404,0.039685,0.070204,0.014981,0.189019,,,
22500,0.921551,0.03279,0.022396,0.039687,0.07019,0.014981,0.18902,,,
22600,0.921535,0.039791,0.022386,0.039693,0.070118,0.014982,0.189022,,,
22700,0.921599,0.032897,0.022383,0.039694,0.070118,0.014982,0.189022,,,
22800,0.921604,0.032783,0.022381,0.039695,0.070112,0.014982,0.189022,,,
22900,0.942594,0.035448,0.0196,0.047759,0.043047,0.01511,0.190282,,,
23000,0.937679,0.035847,0.020677,0.043332,0.047839,0.015091,0.190063,,,
23100,0.935936,0.03915,0.021469,0.041945,0.047101,0.015102,0.190116,,,
23200,0.937608,0.038677,0.019986,0.043248,0.045318,0.015103,0.19015,,,
23300,0.938485,0.03573,0.01799,0.044917,0.045715,0.015099,0.190107,,,
23400,0.939105,0.032145,0.015153,0.047585,0.045998,0.0151,0.190063,,,
23500,0.937457,0.032414,0.015782,0.045873,0.047946,0.015095,0.190008,,,
23600,0.936919,0.032499,0.016081,0.045377,0.048537,0.015094,0.18999,,,
23700,0.928306,0.047988,0.02546,0.039151,0.042931,0.015207,0.190405,,,
23800,0.927314,0.049748,0.025273,0.038694,0.042667,0.015209,0.190422,,,
23900,0.93151,0.03228,0.015172,0.047151,0.046651,0.015133,0.190175,,,
24000,0.931425,0.032388,0.015349,0.046971,0.046697,0.015134,0.19018,,,
24100,0.929513,0.03662,0.019155,0.043638,0.046674,0.015155,0.190276,,,
24200,0.929749,0.035595,0.018582,0.044089,0.046934,0.015153,0.190262,,,
24300,0.929592,0.032401,0.015436,0.046075,0.048072,0.015153,0.19022,,,
24400,0.929065,0.032472,0.015744,0.045567,0.04872,0.015151,0.1902,,,
24500,0.928895,0.032426,0.015619,0.045675,0.048665,0.015151,0.190205,,,
24600,0.928885,0.032425,0.015641,0.045656,0.048676,0.015151,0.190206,,,
24700,0.928506,0.032529,0.015963,0.04528,0.04909,0.015152,0.190207,,,
24800,0.928807,0.032475,0.015753,0.045567,0.048722,0.015153,0.190217,,,
24900,0.927801,0.032456,0.016014,0.045026,0.049718,0.015149,0.190163,,,
25000,0.9278,0.032453,0.016018,0.045023,0.049721,0.015149,0.190163,,,
25100,0.927705,0.032504,0.015987,0.045061,0.049667,0.01515,0.190167,,,
25200,0.927664,0.032456,0.016016,0.045023,0.049724,0.01515,0.190165,,,
25300,0.927272,0.032574,0.01603,0.045208,0.049195,0.015158,0.190185,,,
25400,0.918187,0.037577,0.024655,0.049055,0.039211,0.015327,0.190601,,,
25500,0.918016,0.038056,0.024957,0.048832,0.039102,0.015328,0.190608,,,
25600,0.918034,0.038088,0.025169,0.048728,0.039052,0.015328,0.190609,,,
25700,0.918494,0.036395,0.023403,0.049622,0.039661,0.015325,0.190581,,,
25800,0.912592,0.042728,0.021537,0.042208,0.043175,0.015312,0.190415,,,
25900,0.913334,0.040398,0.02066,0.043133,0.043645,0.015307,0.190384,,,
26000,0.91279,0.041708,0.021222,0.042506,0.043486,0.015311,0.190405,,,
26100,0.913104,0.040785,0.020909,0.04287,0.043646,0.015309,0.190393,,,
26200,0.914122,0.032776,0.015376,0.048665,0.044674,0.015308,0.190286,,,
26300,0.91382,0.033103,0.016038,0.048696,0.044112,0.015316,0.19031,,,
26400,0.909203,0.040648,0.025295,0.046063,0.039234,0.015386,0.190554,,,
26500,0.905747,0.035059,0.01736,0.04473,0.047232,0.015346,0.190167,,,
26600,0.907419,0.087133,0.015418,0.04617,0.047805,0.015348,0.190139,,,
26700,0.90463,0.033248,0.015712,0.045544,0.048555,0.015346,0.190113,,,
26800,0.904417,0.033271,0.015831,0.045357,0.048811,0.015345,0.190104,,,
26900,0.904564,0.03325,0.015736,0.045499,0.048621,0.015346,0.19011,,,
27000,0.90393,0.033401,0.016241,0.044908,0.049298,0.015347,0.190109,,,
27100,0.903701,0.033402,0.016074,0.045028,0.049248,0.015347,0.190115,,,
27200,0.903318,0.033236,0.015845,0.045224,0.049156,0.015349,0.190127,,,
27300,0.90329,0.033236,0.015856,0.045204,0.049189,0.015349,0.190126,,,
27400,0.903077,0.033243,0.015949,0.045055,0.049434,0.015348,0.190118,,,
27500,0.903076,0.033246,0.015957,0.04505,0.049435,0.015348,0.190118,,,
27600,0.903063,0.033245,0.015958,0.045044,0.049449,0.015348,0.190117,,,
27700,0.893381,0.040114,0.023383,0.046214,0.042677,0.015469,0.19064,,,
27800,0.893047,0.042274,0.024308,0.043107,0.042424,0.015464,0.190649,,,
27900,0.890511,0.043942,0.022714,0.042337,0.041784,0.015478,0.190686,,,
28000,0.890865,0.042839,0.022062,0.042884,0.042058,0.015475,0.190669,,,
28100,0.890803,0.043026,0.022165,0.04279,0.042016,0.015476,0.190672,,,
28200,0.890972,0.042547,0.022042,0.042953,0.042109,0.015475,0.190666,,,
28300,0.89088,0.042438,0.022071,0.042806,0.042295,0.015475,0.190667,,,
28400,0.890726,0.042241,0.022207,0.042532,0.042662,0.015476,0.190668,,,
28500,0.889875,0.044424,0.02273,0.041758,0.04224,0.015482,0.190696,,,
28600,0.891362,0.038207,0.019927,0.045025,0.043212,0.015474,0.190626,,,
28700,0.890456,0.040294,0.022211,0.04407,0.042121,0.015485,0.190691,,,
28800,0.887723,0.04536,0.024056,0.040987,0.041953,0.015502,0.190773,,,
28900,0.888464,0.041681,0.021793,0.042491,0.043384,0.015488,0.190681,,,
29000,0.888128,0.042824,0.022195,0.042073,0.043048,0.015492,0.1907,,,
29100,0.888001,0.042546,0.021458,0.0424,0.043327,0.015487,0.19068,,,
29200,0.888888,0.038316,0.018949,0.044597,0.044478,0.015467,0.190614,,,
29300,0.887895,0.040576,0.020741,0.042909,0.044313,0.015476,0.19067,,,
29400,0.888125,0.040006,0.020584,0.043194,0.044295,0.015476,0.190666,,,
29500,0.888252,0.040422,0.021044,0.04349,0.043246,0.015484,0.190704,,,
29600,0.886198,0.043457,0.02226,0.041526,0.043701,0.015495,0.190744,,,
29700,0.886837,0.042633,0.022126,0.042074,0.043289,0.015497,0.190773,,,
29800,0.887249,0.041176,0.022126,0.04286,0.043089,0.015501,0.19077,,,
29900,0.884982,0.046733,0.024783,0.040488,0.041507,0.015521,0.190866,,,
30000,0.885994,0.0431,0.021981,0.042478,0.042548,0.015511,0.190803,,,
30100,0.886094,0.042728,0.021729,0.042697,0.042625,0.015511,0.190797,,,
30200,0.885728,0.041504,0.020996,0.042948,0.043468,0.015512,0.190788,,,
30300,0.884398,0.043569,0.020986,0.04299,0.042707,0.015525,0.190832,,,
30400,0.879732,0.035053,0.022373,0.052346,0.040422,0.015601,0.191017,,,
30500,0.878365,0.039824,0.027435,0.048116,0.038839,0.015607,0.191108,,,
30600,0.873857,0.041926,0.021382,0.042603,0.043702,0.015586,0.190882,,,
30700,0.873604,0.038366,0.018456,0.045788,0.043864,0.015581,0.190854,,,
30800,0.872235,0.033939,0.015237,0.049318,0.04507,0.015569,0.190804,,,
30900,0.868944,0.03437,0.015852,0.045618,0.048949,0.015557,0.190671,,,
31000,0.869083,0.034037,0.015147,0.046231,0.04878,0.015553,0.190655,,,
31100,0.868754,0.052283,0.015331,0.046007,0.049188,0.015552,0.190641,,,
31200,0.868071,0.034646,0.015601,0.045383,0.049996,0.015549,0.190618,,,
31300,0.868168,0.03775,0.018393,0.044135,0.046795,0.015575,0.19075,,,
31400,0.868245,0.03929,0.019741,0.043374,0.045767,0.015579,0.190799,,,
31500,0.868302,0.038951,0.019177,0.0438,0.045744,0.015578,0.1908,,,
31600,0.868698,0.039016,0.019102,0.044138,0.045119,0.015582,0.190835,,,
31700,0.867906,0.04072,0.020768,0.042975,0.044502,0.015595,0.190891,,,
31800,0.868242,0.040246,0.020537,0.04346,0.044164,0.015595,0.190894,,,
31900,0.868312,0.03995,0.020819,0.04352,0.044077,0.015598,0.190902,,,
32000,0.867229,0.043392,0.022944,0.041953,0.042803,0.015613,0.190975,,,
32100,0.86702,0.043342,0.021816,0.042415,0.042972,0.015606,0.190941,,,
32200,0.853612,0.043794,0.025268,0.039485,0.050701,0.015632,0.191315,,,
32300,0.85672,0.040652,0.022489,0.045005,0.041403,0.015708,0.192119,,,
32400,0.854414,0.042566,0.021627,0.042297,0.043592,0.0157,0.192022,,,
32500,0.855057,0.038791,0.020344,0.04444,0.043883,0.015699,0.191998,,,
32600,0.849885,0.048435,0.025845,0.039389,0.041717,0.015733,0.192187,,,
32700,0.851676,0.042235,0.022148,0.042598,0.04301,0.015717,0.192086,,,
32800,0.85075,0.043714,0.022437,0.041779,0.043113,0.015724,0.192116,,,
32900,0.847857,0.044189,0.025651,0.042616,0.041216,0.015766,0.192296,,,
33000,0.845891,0.043792,0.022345,0.042038,0.043114,0.015768,0.192282,,,
33100,0.841786,0.042547,0.021569,0.042427,0.043813,0.0158,0.192251,,,
33200,0.841915,0.042682,0.021896,0.042426,0.04344,0.015801,0.192259,,,
33300,0.83973,0.042601,0.024783,0.043723,0.041674,0.015838,0.192416,,,
33400,0.839099,0.04233,0.02226,0.043266,0.042544,0.015828,0.192374,,,
33500,0.838577,0.042651,0.022371,0.042518,0.043173,0.015831,0.192381,,,
33600,0.837541,0.044568,0.022855,0.041431,0.043265,0.015837,0.192406,,,
33700,0.836999,0.039846,0.019433,0.045419,0.043409,0.015834,0.192335,,,
33800,0.832489,0.03427,0.015905,0.050375,0.044412,0.015851,0.192231,,,
33900,0.829025,0.034855,0.015745,0.045785,0.048765,0.015837,0.192088,,,
34000,0.828965,0.035981,0.017091,0.044898,0.048086,0.015851,0.192172,,,
34100,0.826974,0.040005,0.020855,0.041957,0.047736,0.01588,0.19229,,,
34200,0.827662,0.040995,0.019907,0.042615,0.046188,0.015883,0.192329,,,
34300,0.828817,0.039162,0.01912,0.043865,0.045541,0.015882,0.192335,0.082574674,0.08256744,8.7618E-05
